first_name,last_name,full_name,cand_id,2017_aclu_score,2017_aclu_vote_office,2019_environment_score,2019_environment_vote_office,2017_naacp_score,2017_naacp_vote_office
Bradley,Byrne,"Byrne, Bradley",H4AL01123,4%,HOUSE,3%,HOUSE,6%,HOUSE
Martha,Roby,"Roby, Martha",H0AL02087,3%,HOUSE,3%,HOUSE,9%,HOUSE
Mike,Rogers,"Rogers, Mike",H2AL03032,4%,HOUSE,3%,HOUSE,13%,HOUSE
Robert,Aderholt,"Aderholt, Robert",H6AL04098,4%,HOUSE,3%,HOUSE,9%,HOUSE
Mo,Brooks,"Brooks, Mo",H0AL05163,11%,HOUSE,3%,HOUSE,6%,HOUSE
Gary,Palmer,"Palmer, Gary",H4AL06098,7%,HOUSE,0%,HOUSE,6%,HOUSE
Terri,Sewell,"Sewell, Terri",H0AL07086,79%,HOUSE,97%,HOUSE,94%,HOUSE
Don,Young,"Young, Don",H6AK00045,15%,HOUSE,10%,HOUSE,19%,HOUSE
Tom,O'Halleran,"O'Halleran, Tom",H6AZ01199,68%,HOUSE,97%,HOUSE,88%,HOUSE
Ann,Kirkpatrick,"Kirkpatrick, Ann",H8AZ01104,NaN,NaN,95%,HOUSE,NaN,NaN
Martha,McSally,"McSally, Martha",S8AZ00221,7%,HOUSE,NaN,NaN,13%,HOUSE
Raúl,Grijalva,"Grijalva, Raúl",H2AZ07070,89%,HOUSE,97%,HOUSE,100%,HOUSE
Paul,Gosar,"Gosar, Paul",H0AZ01259,29%,HOUSE,NaN,NaN,9%,HOUSE
Andy,Biggs,"Biggs, Andy",H6AZ05083,26%,HOUSE,0%,HOUSE,9%,HOUSE
David,Schweikert,"Schweikert, David",H4AZ06045,18%,HOUSE,14%,HOUSE,6%,HOUSE
Ruben,Gallego,"Gallego, Ruben",H4AZ07043,89%,HOUSE,97%,HOUSE,100%,HOUSE
Debbie,Lesko,"Lesko, Debbie",H8AZ08158,NaN,NaN,3%,HOUSE,NaN,NaN
Kyrsten,Sinema,"Sinema, Kyrsten",H2AZ09019,64%,HOUSE,NaN,NaN,72%,HOUSE
Greg,Stanton,"Stanton, Greg",H8AZ09040,NaN,NaN,97%,HOUSE,NaN,NaN
Rick,Crawford,"Crawford, Rick",H0AR01083,4%,HOUSE,7%,HOUSE,9%,HOUSE
French,Hill,"Hill, French",H4AR02141,11%,HOUSE,10%,HOUSE,9%,HOUSE
Steve,Womack,"Womack, Steve",H0AR03055,4%,HOUSE,7%,HOUSE,9%,HOUSE
Bruce,Westerman,"Westerman, Bruce",H4AR04048,7%,HOUSE,3%,HOUSE,9%,HOUSE
Doug,LaMalfa,"LaMalfa, Doug",H2CA02142,4%,HOUSE,7%,HOUSE,6%,HOUSE
Jared,Huffman,"Huffman, Jared",H2CA06259,93%,HOUSE,100%,HOUSE,97%,HOUSE
John,Garamendi,"Garamendi, John",H0CA10149,75%,HOUSE,87%,HOUSE,94%,HOUSE
Tom,McClintock,"McClintock, Tom",H8CA04152,21%,HOUSE,3%,HOUSE,6%,HOUSE
Mike,Thompson,"Thompson, Mike",H8CA01109,75%,HOUSE,90%,HOUSE,94%,HOUSE
Doris,Matsui,"Matsui, Doris",H6CA05195,89%,HOUSE,97%,HOUSE,97%,HOUSE
Ami,Bera,"Bera, Ami",H0CA03078,71%,HOUSE,97%,HOUSE,88%,HOUSE
Paul,Cook,"Cook, Paul",H2CA08164,7%,HOUSE,14%,HOUSE,19%,HOUSE
Jerry,McNerney,"McNerney, Jerry",H4CA11081,88%,HOUSE,97%,HOUSE,97%,HOUSE
Jeff,Denham,"Denham, Jeff",H0CA19173,11%,HOUSE,NaN,NaN,22%,HOUSE
Josh,Harder,"Harder, Josh",H8CA10126,NaN,NaN,97%,HOUSE,NaN,NaN
Mark,DeSaulnier,"DeSaulnier, Mark",H0CA10073,96%,HOUSE,100%,HOUSE,100%,HOUSE
Nancy,Pelosi,"Pelosi, Nancy",H8CA05035,77%,HOUSE,NaN,NaN,97%,HOUSE
Barbara,Lee,"Lee, Barbara",H8CA09060,96%,HOUSE,100%,HOUSE,100%,HOUSE
Jackie,Speier,"Speier, Jackie",H8CA12171,82%,HOUSE,93%,HOUSE,81%,HOUSE
Eric,Swalwell,"Swalwell, Eric",H2CA15094,78%,HOUSE,62%,HOUSE,88%,HOUSE
Jim,Costa,"Costa, Jim",H4CA20082,60%,HOUSE,79%,HOUSE,59%,HOUSE
Ro,Khanna,"Khanna, Ro",H4CA12055,93%,HOUSE,97%,HOUSE,100%,HOUSE
Anna,Eshoo,"Eshoo, Anna",H8CA12098,86%,HOUSE,93%,HOUSE,94%,HOUSE
Zoe,Lofgren,"Lofgren, Zoe",H4CA16049,91%,HOUSE,93%,HOUSE,100%,HOUSE
Jimmy,Panetta,"Panetta, Jimmy",H6CA20152,79%,HOUSE,97%,HOUSE,97%,HOUSE
David,Valadao,"Valadao, David",H2CA20094,4%,HOUSE,NaN,NaN,22%,HOUSE
TJ,Cox,"Cox, TJ",H8CA10167,NaN,NaN,97%,HOUSE,NaN,NaN
Devin,Nunes,"Nunes, Devin",H8CA20059,4%,HOUSE,0%,HOUSE,13%,HOUSE
Kevin,McCarthy,"McCarthy, Kevin",H6CA22125,73%,HOUSE,3%,HOUSE,9%,HOUSE
Salud,Carbajal,"Carbajal, Salud",H6CA24303,73%,HOUSE,97%,HOUSE,91%,HOUSE
Steve,Knight,"Knight, Steve",H4CA25123,7%,HOUSE,NaN,NaN,19%,HOUSE
Mike,Garcia,"Garcia, Mike",H0CA25162,NaN,NaN,NaN,NaN,NaN,NaN
Julia,Brownley,"Brownley, Julia",H2CA00120,79%,HOUSE,97%,HOUSE,94%,HOUSE
Judy,Chu,"Chu, Judy",H0CA32101,89%,HOUSE,97%,HOUSE,100%,HOUSE
Adam,Schiff,"Schiff, Adam",H0CA27085,79%,HOUSE,97%,HOUSE,97%,HOUSE
Tony,Cárdenas,"Cárdenas, Tony",H2CA28113,88%,HOUSE,100%,HOUSE,94%,HOUSE
Brad,Sherman,"Sherman, Brad",H6CA24113,86%,HOUSE,93%,HOUSE,100%,HOUSE
Pete,Aguilar,"Aguilar, Pete",H2CA31125,75%,HOUSE,93%,HOUSE,88%,HOUSE
Grace,Napolitano,"Napolitano, Grace",H8CA34068,86%,HOUSE,97%,HOUSE,78%,HOUSE
Ted,Lieu,"Lieu, Ted",H4CA33119,87%,HOUSE,93%,HOUSE,97%,HOUSE
Jimmy,Gomez,"Gomez, Jimmy",H8CA34266,93%,HOUSE,97%,HOUSE,NaN,HOUSE
Norma,Torres,"Torres, Norma",H4CA35031,81%,HOUSE,97%,HOUSE,91%,HOUSE
Raul,Ruiz,"Ruiz, Raul",H0CA36177,71%,HOUSE,97%,HOUSE,94%,HOUSE
Karen,Bass,"Bass, Karen",H0CA33117,92%,HOUSE,93%,HOUSE,91%,HOUSE
Linda,Sánchez,"Sánchez, Linda",H2CA39078,89%,HOUSE,97%,HOUSE,100%,HOUSE
Gil,Cisneros,"Cisneros, Gil",H8CA39174,NaN,NaN,97%,HOUSE,NaN,NaN
Ed,Royce,"Royce, Ed",H6CA39020,4%,HOUSE,NaN,NaN,9%,HOUSE
Lucille,Roybal-Allard,"Roybal-Allard, Lucille",H2CA33048,89%,HOUSE,97%,HOUSE,100%,HOUSE
Mark,Takano,"Takano, Mark",H2CA43245,93%,HOUSE,97%,HOUSE,100%,HOUSE
Ken,Calvert,"Calvert, Ken",H0CA42209,4%,HOUSE,14%,HOUSE,13%,HOUSE
Maxine,Waters,"Waters, Maxine",H4CA23011,89%,HOUSE,97%,HOUSE,100%,HOUSE
Nanette,Barragán,"Barragán, Nanette",H6CA44103,93%,HOUSE,100%,HOUSE,100%,HOUSE
Mimi,Walters,"Walters, Mimi",H4CA45097,4%,HOUSE,NaN,NaN,6%,HOUSE
Katie,Porter,"Porter, Katie",H8CA45130,NaN,NaN,90%,HOUSE,NaN,NaN
Lou,Correa,"Correa, Lou",H6CA46116,75%,HOUSE,93%,HOUSE,75%,HOUSE
Alan,Lowenthal,"Lowenthal, Alan",H2CA00104,89%,HOUSE,100%,HOUSE,97%,HOUSE
Dana,Rohrabacher,"Rohrabacher, Dana",H8CA42061,21%,HOUSE,NaN,NaN,19%,HOUSE
Darrell,Issa,"Issa, Darrell",H0CA48024,9%,HOUSE,NaN,NaN,13%,HOUSE
Duncan,Hunter,"Hunter, Duncan",H8CA52052,4%,HOUSE,7%,HOUSE,13%,HOUSE
Harley,Rouda,"Rouda, Harley",H8CA48035,NaN,NaN,86%,HOUSE,NaN,NaN
Mike,Levin,"Levin, Mike",H8CA49058,NaN,NaN,97%,HOUSE,NaN,NaN
Juan,Vargas,"Vargas, Juan",H2CA50026,89%,HOUSE,96%,HOUSE,94%,HOUSE
Scott,Peters,"Peters, Scott",H2CA52089,71%,HOUSE,97%,HOUSE,84%,HOUSE
Susan,Davis,"Davis, Susan",H0CA49055,86%,HOUSE,93%,HOUSE,94%,HOUSE
Diana,DeGette,"DeGette, Diana",H6CO01141,92%,HOUSE,97%,HOUSE,94%,HOUSE
Joe,Neguse,"Neguse, Joe",H8CO02160,NaN,NaN,97%,HOUSE,NaN,NaN
Scott,Tipton,"Tipton, Scott",H6CO03139,7%,HOUSE,7%,HOUSE,9%,HOUSE
Ken,Buck,"Buck, Ken",H4CO04090,9%,HOUSE,0%,HOUSE,6%,HOUSE
Doug,Lamborn,"Lamborn, Doug",H6CO05159,11%,HOUSE,7%,HOUSE,6%,HOUSE
Mike,Coffman,"Coffman, Mike",H8CO06138,21%,HOUSE,NaN,NaN,13%,HOUSE
Jason,Crow,"Crow, Jason",H8CO06229,NaN,NaN,97%,HOUSE,NaN,NaN
Ed,Perlmutter,"Perlmutter, Ed",H6CO07023,75%,HOUSE,97%,HOUSE,91%,HOUSE
John B.,Larson,"Larson, John B.",H8CT01046,80%,HOUSE,96%,HOUSE,91%,HOUSE
Joe,Courtney,"Courtney, Joe",H2CT02112,78%,HOUSE,93%,HOUSE,91%,HOUSE
Rosa,DeLauro,"DeLauro, Rosa",H0CT03072,79%,HOUSE,97%,HOUSE,91%,HOUSE
Jim,Himes,"Himes, Jim",H8CT04172,79%,HOUSE,97%,HOUSE,94%,HOUSE
Elizabeth,Esty,"Esty, Elizabeth",H2CT05131,79%,HOUSE,NaN,NaN,94%,HOUSE
Jahana,Hayes,"Hayes, Jahana",H8CT05245,NaN,NaN,97%,HOUSE,NaN,NaN
Lisa,Blunt Rochester,"Blunt Rochester, Lisa",H6DE00206,79%,HOUSE,97%,HOUSE,94%,HOUSE
Matt,Gaetz,"Gaetz, Matt",H6FL01119,9%,HOUSE,24%,HOUSE,6%,HOUSE
Neal,Dunn,"Dunn, Neal",H6FL02208,4%,HOUSE,10%,HOUSE,9%,HOUSE
Ted,Yoho,"Yoho, Ted",H2FL06109,15%,HOUSE,7%,HOUSE,9%,HOUSE
John,Rutherford,"Rutherford, John",H6FL04105,3%,HOUSE,17%,HOUSE,9%,HOUSE
Al,Lawson,"Lawson, Al",H0FL02086,67%,HOUSE,97%,HOUSE,81%,HOUSE
Michael,Waltz,"Waltz, Michael",H8FL06148,NaN,NaN,34%,HOUSE,NaN,NaN
Stephanie,Murphy,"Murphy, Stephanie",H6FL07140,64%,HOUSE,97%,HOUSE,81%,HOUSE
Bill,Posey,"Posey, Bill",H8FL15107,17%,HOUSE,14%,HOUSE,6%,HOUSE
Darren,Soto,"Soto, Darren",H6FL09179,86%,HOUSE,97%,HOUSE,94%,HOUSE
Val,Demings,"Demings, Val",H2FL08063,69%,HOUSE,97%,HOUSE,94%,HOUSE
Daniel,Webster,"Webster, Daniel",H0FL08208,15%,HOUSE,14%,HOUSE,13%,HOUSE
Gus,Bilirakis,"Bilirakis, Gus",H6FL09070,4%,HOUSE,21%,HOUSE,9%,HOUSE
Charlie,Crist,"Crist, Charlie",H6FL13205,69%,HOUSE,97%,HOUSE,84%,HOUSE
Kathy,Castor,"Castor, Kathy",H6FL11126,75%,HOUSE,97%,HOUSE,97%,HOUSE
Ross,Spano,"Spano, Ross",H8FL15230,NaN,NaN,10%,HOUSE,NaN,NaN
Vern,Buchanan,"Buchanan, Vern",H6FL13148,7%,HOUSE,31%,HOUSE,13%,HOUSE
Tom,"Ronney, ","Ronney, Tom",H8FL16022,4%,HOUSE,NaN,NaN,9%,HOUSE
Greg,Steube,"Steube, Greg",H8FL17053,NaN,NaN,7%,HOUSE,NaN,NaN
Brian,Mast,"Mast, Brian",H6FL18097,14%,HOUSE,38%,HOUSE,16%,HOUSE
Francis,Rooney,"Rooney, Francis",H6FL19087,4%,HOUSE,59%,HOUSE,6%,HOUSE
Alcee,Hastings,"Hastings, Alcee",H2FL23021,92%,HOUSE,93%,HOUSE,88%,HOUSE
Lois,Frankel,"Frankel, Lois",H2FL14053,83%,HOUSE,96%,HOUSE,88%,HOUSE
Ted,Deutch,"Deutch, Ted",H0FL19080,77%,HOUSE,97%,HOUSE,88%,HOUSE
Debbie,Wasserman Schultz,"Wasserman Schultz, Debbie",H4FL20023,77%,HOUSE,93%,HOUSE,94%,HOUSE
Frederica,Wilson,"Wilson, Frederica",H0FL17068,88%,HOUSE,93%,HOUSE,97%,HOUSE
Mario,Díaz-Balart,"Díaz-Balart, Mario",H2FL25018,13%,HOUSE,28%,HOUSE,31%,HOUSE
Carlos,Curbelo,"Curbelo, Carlos",H4FL26038,24%,HOUSE,NaN,NaN,39%,HOUSE
Debbie,Mucarsel-Powell,"Mucarsel-Powell, Debbie",H8FL26039,NaN,NaN,97%,HOUSE,NaN,NaN
Donna,Shalala,"Shalala, Donna",H8FL27193,NaN,NaN,97%,HOUSE,NaN,NaN
Buddy,Carter,"Carter, Buddy",H4GA01039,4%,HOUSE,17%,HOUSE,6%,HOUSE
Sanford,Bishop,"Bishop, Sanford",H2GA02031,77%,HOUSE,93%,HOUSE,81%,HOUSE
Drew,Ferguson,"Ferguson, Drew",H0GA10269,4%,HOUSE,7%,HOUSE,13%,HOUSE
Hank,Johnson,"Johnson, Hank",H6GA04129,82%,HOUSE,97%,HOUSE,100%,HOUSE
John,Lewis,"Lewis, John",H6GA05217,89%,HOUSE,90%,HOUSE,97%,HOUSE
Lucy,McBath,"McBath, Lucy",H8GA06393,NaN,NaN,97%,HOUSE,NaN,NaN
Karen,Handel,"Handel, Karen",H8GA06286,0%,HOUSE,NaN,NaN,NaN,HOUSE
Rob,Woodall,"Woodall, Rob",H0GA07133,7%,HOUSE,10%,HOUSE,9%,HOUSE
Austin,Scott,"Scott, Austin",H0GA08099,4%,HOUSE,7%,HOUSE,13%,HOUSE
Doug,Collins,"Collins, Doug",H2GA09150,3%,HOUSE,7%,HOUSE,13%,HOUSE
Jody,Hice,"Hice, Jody",H0GA07125,11%,HOUSE,0%,HOUSE,6%,HOUSE
Barry,Loudermilk,"Loudermilk, Barry",H4GA11061,22%,HOUSE,7%,HOUSE,6%,HOUSE
Rick W,Allen,"Allen, Rick W",H2GA12121,7%,HOUSE,7%,HOUSE,9%,HOUSE
David,Scott,"Scott, David",H2GA13012,82%,HOUSE,97%,HOUSE,84%,HOUSE
Tom,Graves,"Graves, Tom",H0GA09030,7%,HOUSE,7%,HOUSE,9%,HOUSE
Colleen,Hanabusa,"Hanabusa, Colleen",H2HI02110,85%,HOUSE,NaN,NaN,99%,HOUSE
Ed,Case,"Case, Ed",H2HI02128,NaN,NaN,97%,HOUSE,NaN,NaN
Tulsi,Gabbard,"Gabbard, Tulsi",H2HI02508,88%,HOUSE,72%,HOUSE,97%,HOUSE
Russ,Fulcher,"Fulcher, Russ",H8ID01124,NaN,NaN,3%,HOUSE,NaN,NaN
Raul,Labrador,"Labrador, Raul",H0ID01253,21%,HOUSE,NaN,NaN,8%,HOUSE
Mike,Simpson,"Simpson, Mike",H8ID02064,4%,HOUSE,21%,HOUSE,19%,HOUSE
Bobby,Rush,"Rush, Bobby",H2IL01042,90%,HOUSE,97%,HOUSE,84%,HOUSE
Robin,Kelly,"Kelly, Robin",H2IL02172,86%,HOUSE,97%,HOUSE,100%,HOUSE
Dan,Lipinski,"Lipinski, Dan",H4IL03077,46%,HOUSE,97%,HOUSE,84%,HOUSE
Jesus Chuy,Garcia,"Garcia, Jesus Chuy",H8IL04134,NaN,NaN,100%,HOUSE,NaN,NaN
Luis,Gutierrez,"Gutierrez, Luis",H2IL08039,89%,HOUSE,NaN,NaN,88%,HOUSE
Mike,Quigley,"Quigley, Mike",H0IL05096,75%,HOUSE,87%,HOUSE,94%,HOUSE
Peter,Roskam,"Roskam, Peter",H6IL06117,7%,HOUSE,NaN,NaN,28%,HOUSE
Sean,Casten,"Casten, Sean",H8IL06139,NaN,NaN,97%,HOUSE,NaN,NaN
Danny K,Davis,"Davis, Danny K",H4IL07037,88%,HOUSE,97%,HOUSE,88%,HOUSE
Raja,Krishnamoorthi,"Krishnamoorthi, Raja",H6IL08147,79%,HOUSE,97%,HOUSE,97%,HOUSE
Jan,Schakowsky,"Schakowsky, Jan",H8IL09067,89%,HOUSE,97%,HOUSE,100%,HOUSE
Brad,Schneider,"Schneider, Brad",H2IL10068,77%,HOUSE,97%,HOUSE,91%,HOUSE
Bill,Foster,"Foster, Bill",H8IL14067,82%,HOUSE,97%,HOUSE,91%,HOUSE
Mike,Bost,"Bost, Mike",H4IL12060,7%,HOUSE,10%,HOUSE,22%,HOUSE
Rodney,Davis,"Davis, Rodney",H2IL13120,7%,HOUSE,17%,HOUSE,19%,HOUSE
Lauren,Underwood,"Underwood, Lauren",H8IL14174,NaN,NaN,97%,HOUSE,NaN,NaN
Randy,Hultgren,"Hultgren, Randy",H0IL14080,4%,HOUSE,NaN,NaN,9%,HOUSE
John,Shimkus,"Shimkus, John",H2IL20042,4%,HOUSE,10%,HOUSE,16%,HOUSE
Adam,Kinzinger,"Kinzinger, Adam",H0IL11052,4%,HOUSE,14%,HOUSE,16%,HOUSE
Cheri,Bustos,"Bustos, Cheri",H2IL17071,75%,HOUSE,97%,HOUSE,94%,HOUSE
Darin,LaHood,"LaHood, Darin",H6IL18088,7%,HOUSE,7%,HOUSE,13%,HOUSE
Pete,Visclosky,"Visclosky, Pete",H4IN01012,86%,HOUSE,100%,HOUSE,97%,HOUSE
Jackie,Walorski,"Walorski, Jackie",H0IN02190,4%,HOUSE,10%,HOUSE,13%,HOUSE
Jim,Banks,"Banks, Jim",H6IN03229,7%,HOUSE,3%,HOUSE,9%,HOUSE
Todd,Rokita,"Rokita, Todd",S8IN00189,15%,HOUSE,NaN,NaN,6%,HOUSE
Jim,Baird,"Baird, Jim",H8IN04199,NaN,NaN,3%,HOUSE,NaN,NaN
Susan,Brooks,"Brooks, Susan",H2IN05082,4%,HOUSE,24%,HOUSE,13%,HOUSE
Luke,Messer,"Messer, Luke",H0IN02125,7%,HOUSE,NaN,NaN,6%,HOUSE
Greg,Pence,"Pence, Greg",H8IN06129,NaN,HOUSE,10%,HOUSE,NaN,HOUSE
André,Carson,"Carson, André",H8IN07184,83%,HOUSE,93%,HOUSE,94%,HOUSE
Larry,Bucshon,"Bucshon, Larry",H0IN08114,4%,HOUSE,10%,HOUSE,19%,HOUSE
Trey,Hollingsworth,"Hollingsworth, Trey",H6IN09176,7%,HOUSE,34%,HOUSE,9%,HOUSE
Abby,Finkenauer,"Finkenauer, Abby",H8IA01094,NaN,NaN,93%,HOUSE,NaN,NaN
Rodney,Blum,"Blum, Rodney",H2IA01055,14%,HOUSE,NaN,NaN,9%,HOUSE
Dave,Loebsack,"Loebsack, Dave",H6IA02146,79%,HOUSE,97%,HOUSE,97%,HOUSE
David,Young,"Young, David",H4IA03115,7%,HOUSE,NaN,NaN,16%,HOUSE
Cindy,Axne,"Axne, Cindy",H8IA03124,NaN,NaN,93%,HOUSE,NaN,NaN
Steve,King,"King, Steve",H2IA05072,9%,HOUSE,3%,HOUSE,9%,HOUSE
Roger,Marshall,"Marshall, Roger",H6KS01179,4%,HOUSE,14%,HOUSE,9%,HOUSE
Lynn,Jenkins,"Jenkins, Lynn",H8KS02090,7%,HOUSE,NaN,NaN,6%,HOUSE
Kevin,Yoder,"Yoder, Kevin",H0KS03137,18%,HOUSE,NaN,NaN,16%,HOUSE
Steve,Watkins,"Watkins, Steve",H8KS02199,NaN,NaN,10%,HOUSE,NaN,NaN
Sharice,Davids,"Davids, Sharice",H8KS03155,NaN,NaN,97%,HOUSE,NaN,NaN
Ron,Estes,"Estes, Ron",H8KS04112,0%,HOUSE,14%,HOUSE,NaN,HOUSE
James,Comer,"Comer, James",H6KY01110,14%,HOUSE,7%,HOUSE,9%,HOUSE
Brett,Guthrie,"Guthrie, Brett",H8KY02031,4%,HOUSE,10%,HOUSE,9%,HOUSE
John,Yarmuth,"Yarmuth, John",H6KY03124,89%,HOUSE,93%,HOUSE,97%,HOUSE
Thomas,Massie,"Massie, Thomas",H2KY04121,36%,HOUSE,3%,HOUSE,25%,HOUSE
Hal,Rogers,"Rogers, Hal",H0KY05015,4%,HOUSE,7%,HOUSE,13%,HOUSE
Andy,Barr,"Barr, Andy",H0KY06104,4%,HOUSE,10%,HOUSE,9%,HOUSE
Steve,Scalise,"Scalise, Steve",H0LA01087,6%,HOUSE,0%,HOUSE,9%,HOUSE
Cedric,Richmond,"Richmond, Cedric",H8LA02054,85%,HOUSE,93%,HOUSE,91%,HOUSE
Clay,Higgins,"Higgins, Clay",H6LA03148,7%,HOUSE,3%,HOUSE,6%,HOUSE
Mike,Johnson,"Johnson, Mike",H6LA04138,9%,HOUSE,3%,HOUSE,9%,HOUSE
Ralph,Abraham,"Abraham, Ralph",H4LA05221,7%,HOUSE,0%,HOUSE,6%,HOUSE
Garret,Graves,"Graves, Garret",H4LA06153,18%,HOUSE,17%,HOUSE,9%,HOUSE
Chellie,Pingree,"Pingree, Chellie",H8ME01120,92%,HOUSE,97%,HOUSE,100%,HOUSE
Bruce,Poliquin,"Poliquin, Bruce",H4ME02234,7%,HOUSE,NaN,NaN,19%,HOUSE
Jared,Golden,"Golden, Jared",H8ME02185,NaN,NaN,97%,HOUSE,NaN,NaN
Andy,Harris,"Harris, Andy",H8MD01094,14%,HOUSE,0%,HOUSE,6%,HOUSE
Dutch,Ruppersberger,"Ruppersberger, Dutch",H2MD02160,71%,HOUSE,97%,HOUSE,91%,HOUSE
John,Sarbanes,"Sarbanes, John",H6MD03292,86%,HOUSE,97%,HOUSE,100%,HOUSE
Anthony G,Brown,"Brown, Anthony G",H6MD04209,81%,HOUSE,97%,HOUSE,100%,HOUSE
Steny,Hoyer,"Hoyer, Steny",H2MD05155,82%,HOUSE,97%,HOUSE,94%,HOUSE
John,Delaney,"Delaney, John",H2MD06195,75%,HOUSE,NaN,NaN,94%,HOUSE
Elijah,Cummings,"Cummings, Elijah",H6MD07160,88%,HOUSE,100%,HOUSE,66%,HOUSE
David,Trone,"Trone, David",H6MD08549,NaN,NaN,97%,HOUSE,NaN,NaN
Jamie,Raskin,"Raskin, Jamie",H6MD08457,91%,HOUSE,100%,HOUSE,100%,HOUSE
Richard,Neal,"Neal, Richard",H8MA02041,82%,HOUSE,97%,HOUSE,100%,HOUSE
Jim,McGovern,"McGovern, Jim",H4MA03022,89%,HOUSE,100%,HOUSE,100%,HOUSE
Lori,Trahan,"Trahan, Lori",H8MA03106,NaN,NaN,97%,HOUSE,NaN,NaN
Joe,Kennedy III,"Kennedy III, Joe",H2MA04073,89%,HOUSE,100%,HOUSE,94%,HOUSE
Katherine,Clark,"Clark, Katherine",H4MA05084,82%,HOUSE,97%,HOUSE,97%,HOUSE
Seth,Moulton,"Moulton, Seth",H4MA06090,82%,HOUSE,93%,HOUSE,100%,HOUSE
Michael,Capuano,"Capuano, Michael",H8MA08071,89%,HOUSE,NaN,NaN,94%,HOUSE
Ayanna,Pressley,"Pressley, Ayanna",H8MA07032,NaN,NaN,97%,HOUSE,NaN,NaN
Stephen F,Lynch,"Lynch, Stephen F",H2MA09072,78%,HOUSE,97%,HOUSE,94%,HOUSE
Bill,Keating,"Keating, Bill",H0MA10082,75%,HOUSE,97%,HOUSE,88%,HOUSE
Jack,Bergman,"Bergman, Jack",H6MI01226,11%,HOUSE,17%,HOUSE,9%,HOUSE
Bill,Huizenga,"Huizenga, Bill",H0MI02094,4%,HOUSE,0%,HOUSE,9%,HOUSE
Justin,Amash,"Amash, Justin",H0MI03126,54%,HOUSE,17%,HOUSE,28%,HOUSE
John,Moolenaar,"Moolenaar, John",H4MI04126,4%,HOUSE,14%,HOUSE,13%,HOUSE
Dan,Kildee,"Kildee, Dan",H2MI05119,86%,HOUSE,97%,HOUSE,100%,HOUSE
Fred,Upton,"Upton, Fred",H6MI04113,7%,HOUSE,45%,HOUSE,22%,HOUSE
Tim,Walberg,"Walberg, Tim",H4MI07103,4%,HOUSE,10%,HOUSE,9%,HOUSE
Michael,Bishop,"Bishop, Michael",H4MI08135,4%,HOUSE,NaN,NaN,6%,HOUSE
Elissa,Slotkin,"Slotkin, Elissa",H8MI08102,NaN,NaN,97%,HOUSE,NaN,NaN
Sander,Levin,"Levin, Sander",H2MI17023,86%,HOUSE,100%,HOUSE,97%,HOUSE
Paul,Mitchell,"Mitchell, Paul",H4MI04118,7%,HOUSE,7%,HOUSE,16%,HOUSE
Haley,Stevens,"Stevens, Haley",H8MI11254,NaN,NaN,93%,HOUSE,NaN,NaN
Debbie,Dingell,"Dingell, Debbie",H4MI12079,86%,HOUSE,97%,HOUSE,100%,HOUSE
Rashida,Tlaib,"Tlaib, Rashida",H8MI13250,NaN,NaN,97%,HOUSE,NaN,NaN
Brenda,Lawrence,"Lawrence, Brenda",H2MI14111,86%,HOUSE,90%,HOUSE,100%,HOUSE
Tim,Walz,"Walz, Tim",H6MN01174,92%,HOUSE,NaN,NaN,72%,HOUSE
Jason,Lewis,"Lewis, Jason",H6MN02149,25%,HOUSE,NaN,NaN,9%,HOUSE
Erik,Paulsen,"Paulsen, Erik",H8MN03077,7%,HOUSE,NaN,NaN,16%,HOUSE
Keith,Ellison,"Ellison, Keith",H6MN05183,89%,HOUSE,NaN,NaN,94%,HOUSE
Rick,Nolan,"Nolan, Rick",H2MN08111,88%,HOUSE,NaN,NaN,97%,HOUSE
Jim,Hagedorn,"Hagedorn, Jim",H0MN01045,NaN,NaN,7%,HOUSE,NaN,NaN
Angie,Craig,"Craig, Angie",H6MN02131,NaN,NaN,97%,HOUSE,NaN,NaN
Dean,Phillips,"Phillips, Dean",H8MN03143,NaN,NaN,97%,HOUSE,NaN,NaN
Betty,McCollum,"McCollum, Betty",H0MN04049,86%,HOUSE,97%,HOUSE,97%,HOUSE
Ilhan,Omar,"Omar, Ilhan",H8MN05239,NaN,NaN,97%,HOUSE,NaN,NaN
Tom,Emmer,"Emmer, Tom",H4MN06087,18%,HOUSE,7%,HOUSE,19%,HOUSE
Collin,Peterson,"Peterson, Collin",H2MN07014,42%,HOUSE,69%,HOUSE,56%,HOUSE
Pete,Stauber,"Stauber, Pete",H8MN08043,NaN,NaN,7%,HOUSE,NaN,NaN
Trent,Kelly,"Kelly, Trent",H6MS01131,14%,HOUSE,7%,HOUSE,9%,HOUSE
Bennie,Thompson,"Thompson, Bennie",H4MS02068,81%,HOUSE,86%,HOUSE,94%,HOUSE
Michael,Guest,"Guest, Michael",H8MS03125,7%,HOUSE,10%,HOUSE,NaN,HOUSE
Steven,Palazzo,"Palazzo, Steven",H0MS04120,4%,HOUSE,7%,HOUSE,6%,HOUSE
Lacy,Clay,"Clay, Lacy",H0MO01066,89%,HOUSE,97%,HOUSE,NaN,HOUSE
Ann,Wagner,"Wagner, Ann",H2MO02102,4%,HOUSE,7%,HOUSE,9%,HOUSE
Blaine,Luetkemeyer,"Luetkemeyer, Blaine",H8MO09153,4%,HOUSE,7%,HOUSE,13%,HOUSE
Vicky,Hartzler,"Hartzler, Vicky",H0MO04086,4%,HOUSE,7%,HOUSE,6%,HOUSE
Emanuel,Cleaver,"Cleaver, Emanuel",H4MO05234,87%,HOUSE,97%,HOUSE,94%,HOUSE
Sam,Graves,"Graves, Sam",H0MO06073,4%,HOUSE,3%,HOUSE,13%,HOUSE
Billy,Long,"Long, Billy",H0MO07113,8%,HOUSE,7%,HOUSE,13%,HOUSE
Jason,Smith,"Smith, Jason",H4MO08162,11%,HOUSE,0%,HOUSE,6%,HOUSE
Greg,Gianforte,"Gianforte, Greg",H8MT01182,11%,HOUSE,3%,HOUSE,NaN,HOUSE
Jeff,Fortenberry,"Fortenberry, Jeff",H4NE01064,7%,HOUSE,34%,HOUSE,19%,HOUSE
Don,Bacon,"Bacon, Don",H6NE02125,7%,HOUSE,34%,HOUSE,13%,HOUSE
Adrian,Smith,"Smith, Adrian",H6NE03115,4%,HOUSE,3%,HOUSE,6%,HOUSE
Dina,Titus,"Titus, Dina",H8NV03036,89%,HOUSE,96%,HOUSE,91%,HOUSE
Mark,Amodei,"Amodei, Mark",H2NV02395,4%,HOUSE,10%,HOUSE,16%,HOUSE
Jacklyn,Rosen,"Rosen, Jacklyn",H6NV03139,67%,HOUSE,NaN,NaN,91%,HOUSE
Susie,Lee,"Lee, Susie",H6NV04020,NaN,NaN,97%,HOUSE,NaN,NaN
Ruben,Kihuen,"Kihuen, Ruben",H2NV00050,85%,HOUSE,NaN,NaN,97%,HOUSE
Steven,Horsford,"Horsford, Steven",H2NV04011,NaN,NaN,97%,HOUSE,NaN,NaN
Carolyn,Shea-Porter,"Shea-Porter, Carol",H6NH01230,86%,HOUSE,NaN,NaN,91%,HOUSE
Chris,Pappas,"Pappas, Chris",H8NH01210,NaN,NaN,97%,HOUSE,NaN,NaN
Ann,McLane Kuster,"McLane Kuster, Ann",H0NH02181,74%,HOUSE,97%,HOUSE,88%,HOUSE
Donald,Norcross,"Norcross, Donald",H4NJ01084,79%,HOUSE,97%,HOUSE,94%,HOUSE
Frank,Lobiondo,"Lobiondo, Frank",H2NJ02037,18%,HOUSE,NaN,NaN,31%,HOUSE
Thomas,Macarthur,"Macarthur, Thomas",H4NJ03130,11%,HOUSE,NaN,NaN,22%,HOUSE
Jeff,Van Drew,"Van Drew, Jeff",H8NJ02166,NaN,NaN,93%,HOUSE,NaN,NaN
Andy,Kim,"Kim, Andy",H8NJ03206,NaN,NaN,97%,HOUSE,NaN,NaN
Chris,Smith,"Smith, Chris",H8NJ04014,19%,HOUSE,72%,HOUSE,38%,HOUSE
Josh,Gottheimer,"Gottheimer, Josh",H6NJ05171,64%,HOUSE,97%,HOUSE,84%,HOUSE
Frank,Pallone,"Pallone, Frank",H8NJ03073,93%,HOUSE,100%,HOUSE,100%,HOUSE
Leonard,Lance,"Lance, Leonard",H6NJ12136,14%,HOUSE,NaN,NaN,38%,HOUSE
Tom,Malinowski,"Malinowski, Tom",H8NJ07223,NaN,NaN,97%,HOUSE,NaN,NaN
Albio,Sires,"Sires, Albio",H6NJ13191,74%,HOUSE,93%,HOUSE,97%,HOUSE
Bill,Pascrell,"Pascrell, Bill",H6NJ08118,78%,HOUSE,100%,HOUSE,97%,HOUSE
Donald,Payne Jr,"Payne Jr, Donald",H2NJ10154,93%,HOUSE,90%,HOUSE,91%,HOUSE
Mikie,Sherrill,"Sherrill, Mikie",H8NJ11142,NaN,NaN,93%,HOUSE,NaN,NaN
Bonnie,Watson Coleman,"Watson Coleman, Bonnie",H4NJ12149,96%,HOUSE,100%,HOUSE,100%,HOUSE
Michelle,Lujan Grisham,"Lujan Grisham, Michelle",H8NM01257,86%,HOUSE,NaN,NaN,94%,HOUSE
Steve,Pearce,"Pearce, Steve",S0NM00041,15%,HOUSE,NaN,NaN,9%,HOUSE
Deb,Haaland,"Haaland, Deb",H8NM01331,NaN,NaN,97%,HOUSE,NaN,NaN
Xochitl,Torres Small,"Torres Small, Xochitl",H8NM02248,NaN,NaN,97%,HOUSE,NaN,NaN
Ben,Ray Lujan,"Ray Lujan, Ben",H8NM03196,86%,HOUSE,97%,HOUSE,100%,HOUSE
Lee,Zeldin,"Zeldin, Lee",H8NY01148,14%,HOUSE,28%,HOUSE,16%,HOUSE
Peter T,King,"King, Peter T",H2NY03089,3%,HOUSE,41%,HOUSE,31%,HOUSE
Thomas,Suozzi,"Suozzi, Thomas",H6NY03247,77%,HOUSE,97%,HOUSE,91%,HOUSE
Kathleen,Rice,"Rice, Kathleen",H4NY04075,75%,HOUSE,93%,HOUSE,97%,HOUSE
Gregory,Meeks,"Meeks, Gregory",H8NY06048,81%,HOUSE,93%,HOUSE,97%,HOUSE
Grace,Meng,"Meng, Grace",H2NY06116,81%,HOUSE,100%,HOUSE,97%,HOUSE
Nydia,Velázquez,"Velázquez, Nydia",H2NY00010,96%,HOUSE,100%,HOUSE,100%,HOUSE
Hakeem,Jeffries,"Jeffries, Hakeem",H2NY10092,83%,HOUSE,97%,HOUSE,94%,HOUSE
Yvette,Clarke,"Clarke, Yvette",H4NY11138,93%,HOUSE,100%,HOUSE,100%,HOUSE
Jerry,Nadler,"Nadler, Jerry",H2NY17071,86%,HOUSE,100%,HOUSE,100%,HOUSE
Daniel,Donovan,"Donovan, Daniel",H6NY11174,7%,HOUSE,NaN,NaN,31%,HOUSE
Max,Rose,"Rose, Max",H8NY11113,NaN,NaN,93%,HOUSE,NaN,NaN
Carolyn,Maloney,"Maloney, Carolyn",H2NY14037,89%,HOUSE,100%,HOUSE,97%,HOUSE
Adriano,Espaillat,"Espaillat, Adriano",H2NY13096,89%,HOUSE,100%,HOUSE,100%,HOUSE
Joseph,Crowley,"Crowley, Joseph",H8NY07046,89%,HOUSE,NaN,NaN,94%,HOUSE
Alexandria,Ocasio-Cortez,"Ocasio-Cortez, Alexandria",H8NY15148,NaN,NaN,97%,HOUSE,NaN,NaN
Jose E,Serrano,"Serrano, Jose E",H0NY18065,89%,HOUSE,100%,HOUSE,100%,HOUSE
Eliot,Engel,"Engel, Eliot",H8NY19058,93%,HOUSE,100%,HOUSE,97%,HOUSE
Nita,Lowey,"Lowey, Nita",H8NY20056,79%,HOUSE,93%,HOUSE,97%,HOUSE
Sean,Maloney,"Maloney, Sean",H2NY22139,75%,HOUSE,97%,HOUSE,88%,HOUSE
John,Faso,"Faso, John",H6NY19169,18%,HOUSE,NaN,NaN,31%,HOUSE
Antonio,Delgado,"Delgado, Antonio",H8NY19181,NaN,NaN,97%,HOUSE,NaN,NaN
Paul,Tonko,"Tonko, Paul",H8NY21203,89%,HOUSE,100%,HOUSE,100%,HOUSE
Elise,Stefanik,"Stefanik, Elise",H4NY21079,14%,HOUSE,55%,HOUSE,28%,HOUSE
Claudia,Tenney,"Tenney, Claudia",H4NY22051,7%,HOUSE,NaN,NaN,16%,HOUSE
Anthony,Brindisi,"Brindisi, Anthony",H8NY22151,NaN,NaN,97%,HOUSE,NaN,NaN
Tom,Reed,"Reed, Tom",H0NY29054,15%,HOUSE,21%,HOUSE,19%,HOUSE
John,Katko,"Katko, John",H4NY24073,22%,HOUSE,48%,HOUSE,31%,HOUSE
Joseph,Morelle,"Morelle, Joseph",H8NY25105,NaN,NaN,97%,HOUSE,NaN,NaN
Chris,Collins,"Collins, Chris",H8NY29032,7%,HOUSE,9%,HOUSE,6%,HOUSE
Brian,Higgins,"Higgins, Brian",H4NY27076,67%,HOUSE,97%,HOUSE,94%,HOUSE
G. K.,Butterfield,"Butterfield, G. K.",H4NC01046,85%,HOUSE,93%,HOUSE,100%,HOUSE
George,Holding,"Holding, George",H2NC13110,7%,HOUSE,3%,HOUSE,3%,HOUSE
Walter,Jones,"Walter, Jones",H2NC01081,27%,HOUSE,NaN,NaN,34%,HOUSE
Greg,Murphy,"Murphy, Greg",H0NC03172,NaN,NaN,14%,HOUSE,NaN,NaN
David,Price,"Price, David",H6NC04037,86%,HOUSE,97%,HOUSE,100%,HOUSE
Virginia,Foxx,"Foxx, Virginia",H4NC05146,4%,HOUSE,10%,HOUSE,6%,HOUSE
Mark,Walker,"Walker, Mark",H4NC06052,4%,HOUSE,3%,HOUSE,9%,HOUSE
David,Rouzer,"Rouzer, David",H2NC07096,7%,HOUSE,7%,HOUSE,6%,HOUSE
Richard,Hudson,"Hudson, Richard",H2NC08185,4%,HOUSE,10%,HOUSE,6%,HOUSE
Mark,Meadows,"Meadows, Mark",H2NC11080,19%,HOUSE,0%,HOUSE,6%,HOUSE
Patrick,McHenry,"McHenry, Patrick",H4NC10047,4%,HOUSE,24%,HOUSE,9%,HOUSE
Alma,Adams,"Adams, Alma",H4NC12100,85%,HOUSE,96%,HOUSE,97%,HOUSE
Ted,Budd,"Budd, Ted",H6NC13129,14%,HOUSE,7%,HOUSE,6%,HOUSE
Kevin,Cramer,"Cramer, Kevin",S8ND00120,4%,HOUSE,NaN,NaN,13%,HOUSE
Kelly,Armstrong,"Armstrong, Kelly",H8ND00096,NaN,NaN,10%,HOUSE,NaN,NaN
Steve,Chabot,"Chabot, Steve",H8OH01043,3%,HOUSE,10%,HOUSE,6%,HOUSE
Brad,Wenstrup,"Wenstrup, Brad",H2OH02085,3%,HOUSE,3%,HOUSE,9%,HOUSE
Joyce,Beatty,"Beatty, Joyce",H2OH03125,86%,HOUSE,96%,HOUSE,97%,HOUSE
Jim,Jordan,"Jordan, Jim",H6OH04082,21%,HOUSE,0%,HOUSE,6%,HOUSE
Bob,Latta,"Latta, Bob",H8OH05036,7%,HOUSE,7%,HOUSE,9%,HOUSE
Bill,Johnson,"Johnson, Bill",H0OH06189,4%,HOUSE,7%,HOUSE,19%,HOUSE
Bob,Gibbs,"Gibbs, Bob",H0OH18077,4%,HOUSE,7%,HOUSE,9%,HOUSE
Warren,Davidson,"Davidson, Warren",H6OH08315,26%,HOUSE,7%,HOUSE,6%,HOUSE
Marcy,Kaptur,"Kaptur, Marcy",H2OH09031,79%,HOUSE,100%,HOUSE,100%,HOUSE
Mike,Turner,"Turner, Mike",H2OH03067,14%,HOUSE,14%,HOUSE,31%,HOUSE
Marcia,Fudge,"Fudge, Marcia",H8OH11141,85%,HOUSE,93%,HOUSE,100%,HOUSE
Troy,Balderson,"Balderson, Troy",H8OH12180,NaN,NaN,3%,HOUSE,NaN,NaN
Tim,Ryan,"Ryan, Tim",H2OH17109,86%,HOUSE,66%,HOUSE,100%,HOUSE
David,Joyce,"Joyce, David",H2OH14064,14%,HOUSE,21%,HOUSE,22%,HOUSE
Steve,Stivers,"Stivers, Steve",H8OH15076,8%,HOUSE,10%,HOUSE,16%,HOUSE
Jim,Renacci,"Renacci, Jim",S8OH00102,7%,HOUSE,21%,HOUSE,13%,HOUSE
Anthony,Gonzalez,"Gonzalez, Anthony",H8OH16124,NaN,NaN,21%,HOUSE,NaN,NaN
Kevin,Hern,"Hern, Kevin",H8OK01157,NaN,NaN,3%,HOUSE,NaN,NaN
Markwayne,Mullin,"Mullin, Markwayne",H2OK02083,7%,HOUSE,0%,HOUSE,6%,HOUSE
Frank,Lucas,"Lucas, Frank",H4OK06056,4%,HOUSE,7%,HOUSE,13%,HOUSE
Tom,Cole,"Cole, Tom",H2OK04055,4%,HOUSE,17%,HOUSE,13%,HOUSE
Steve,Russell,"Russell, Steve",H4OK05132,12%,HOUSE,NaN,NaN,19%,HOUSE
Kendra,Horn,"Horn, Kendra",H8OK05125,NaN,NaN,93%,HOUSE,NaN,NaN
Suzanne,Bonamici,"Bonamici, Suzanne",H2OR01133,86%,HOUSE,97%,HOUSE,97%,HOUSE
Greg,Walden,"Walden, Greg",H6OR02116,7%,HOUSE,21%,HOUSE,16%,HOUSE
Earl,Blumenauer,"Blumenauer, Earl",H6OR03064,93%,HOUSE,93%,HOUSE,97%,HOUSE
Peter,DeFazio,"DeFazio, Peter",H6OR04047,79%,HOUSE,97%,HOUSE,94%,HOUSE
Kurt,Schrader,"Schrader, Kurt",H8OR05107,75%,HOUSE,93%,HOUSE,72%,HOUSE
Robert,Brady,"Brady, Robert",H8PA01153,86%,HOUSE,NaN,NaN,100%,HOUSE
Brian,Fitzpatrick,"Fitzpatrick, Brian",H6PA08277,29%,HOUSE,86%,HOUSE,41%,HOUSE
Brendan,Boyle,"Boyle, Brendan",H4PA13199,82%,HOUSE,97%,HOUSE,97%,HOUSE
Dwight,Evans,"Evans, Dwight",H6PA02171,86%,HOUSE,97%,HOUSE,100%,HOUSE
Ryan,Costello,"Costello, Ryan",H0PA06076,21%,HOUSE,NaN,NaN,31%,HOUSE
Bill,Shuster,"Shuster, Bill",H2PA09035,7%,HOUSE,NaN,NaN,19%,HOUSE
Tom,Marino,"Marino, Tom",H0PA10078,3%,HOUSE,4%,HOUSE,19%,HOUSE
Lou,Barletta,"Barletta, Lou",H2PA11098,7%,HOUSE,NaN,NaN,16%,HOUSE
Madeleine,Dean,"Dean, Madeleine",H8PA04116,NaN,NaN,97%,HOUSE,NaN,NaN
Mary,Gay Scanlon,"Gay Scanlon, Mary",H8PA07200,NaN,NaN,97%,HOUSE,NaN,NaN
Chrissy,Houlahan,"Houlahan, Chrissy",H8PA06087,NaN,NaN,97%,HOUSE,NaN,NaN
Susan,Wild,"Wild, Susan",H8PA15229,NaN,NaN,97%,HOUSE,NaN,NaN
Matt,Cartwright,"Cartwright, Matt",H2PA17079,61%,HOUSE,96%,HOUSE,8800%,HOUSE
Dan,Meuser,"Meuser, Dan",H8PA10147,NaN,NaN,7%,HOUSE,NaN,NaN
Scott,Perry,"Perry, Scott",H2PA04135,21%,HOUSE,3%,HOUSE,9%,HOUSE
Lloyd,Smucker,"Smucker, Lloyd",H6PA16320,7%,HOUSE,7%,HOUSE,13%,HOUSE
Keith,Rothfus,"Rothfus, Keith",H0PA04220,7%,HOUSE,NaN,NaN,13%,HOUSE
Fred,Keller,"Keller, Fred",H0PA12181,NaN,NaN,4%,HOUSE,NaN,NaN
John,Joyce,"Joyce, John",H8PA13125,NaN,NaN,3%,HOUSE,NaN,NaN
Guy,Reschenthaler,"Reschenthaler, Guy",H8PA18199,NaN,NaN,7%,HOUSE,NaN,NaN
Glenn,Thompson,"Thompson, Glenn",H8PA05071,7%,HOUSE,7%,HOUSE,16%,HOUSE
Mike,Kelly,"Kelly, Mike",H0PA03271,7%,HOUSE,7%,HOUSE,19%,HOUSE
Conor,Lamb,"Lamb, Conor",H8PA18181,NaN,NaN,90%,HOUSE,NaN,NaN
Mike,Doyle,"Doyle, Mike",H4PA18131,86%,HOUSE,97%,HOUSE,97%,HOUSE
David,Cicilline,"Cicilline, David",H0RI01073,85%,HOUSE,97%,HOUSE,100%,HOUSE
James,Langevin,"Langevin, James",H0RI02139,68%,HOUSE,97%,HOUSE,94%,HOUSE
Joe,Cunningham,"Cunningham, Joe",H8SC01116,NaN,NaN,93%,HOUSE,NaN,NaN
Joe,Wilson,"Wilson, Joe",H2SC02059,4%,HOUSE,7%,HOUSE,6%,HOUSE
Jeff,Duncan,"Duncan, Jeff",H0SC03077,19%,HOUSE,7%,HOUSE,3%,HOUSE
Trey,Gowdy,"Gowdy, Trey",H0SC04257,3%,HOUSE,NaN,NaN,9%,HOUSE
William,Timmons,"Timmons, William",H8SC04250,NaN,NaN,10%,HOUSE,NaN,NaN
Ralph,Norman,"Norman, Ralph",H8SC05158,17%,HOUSE,7%,HOUSE,NaN,HOUSE
Jim,Clyburn,"Clyburn, Jim",H2SC02042,79%,HOUSE,92%,HOUSE,88%,HOUSE
Tom,Rice,"Rice, Tom",H2SC07066,7%,HOUSE,10%,HOUSE,6%,HOUSE
Kristi,Noem,"Noem, Kristi",H0SD00054,7%,HOUSE,NaN,NaN,13%,HOUSE
Dusty,Johnson,"Johnson, Dusty",H8SD01055,NaN,NaN,7%,HOUSE,NaN,NaN
Phil,Roe,"Roe, Phil",H6TN01388,7%,HOUSE,10%,HOUSE,9%,HOUSE
John,Duncan,"Duncan, John",H8TN02069,25%,HOUSE,NaN,NaN,13%,HOUSE
Tim,Burchett,"Burchett, Tim",H8TN02119,NaN,NaN,10%,HOUSE,NaN,NaN
Chuck,Fleischmann,"Fleischmann, Chuck",H0TN03254,4%,HOUSE,7%,HOUSE,13%,HOUSE
Scott,DesJarlais,"DesJarlais, Scott",H0TN04195,11%,HOUSE,3%,HOUSE,9%,HOUSE
Jim,Cooper,"Cooper, Jim",H2TN05131,68%,HOUSE,93%,HOUSE,75%,HOUSE
John,Rose,"Rose, John",H8TN06094,NaN,NaN,3%,HOUSE,NaN,NaN
Diane,Black,"Black, Diane",H0TN06257,12%,HOUSE,NaN,NaN,6%,HOUSE
Marsha,Blackburn,"Blackburn, Marsha",H2TN06030,11%,HOUSE,NaN,NaN,6%,HOUSE
Mark E,Green,"Green, Mark E",H8TN07076,NaN,NaN,0%,HOUSE,NaN,NaN
David,Kustoff,"Kustoff, David",H2TN07103,4%,HOUSE,10%,HOUSE,9%,HOUSE
Steve,Cohen,"Cohen, Steve",H6TN09068,88%,HOUSE,96%,HOUSE,100%,HOUSE
Louie,Gohmert,"Gohmert, Louie",H4TX04039,16%,HOUSE,3%,HOUSE,16%,HOUSE
Dan,Crenshaw,"Crenshaw, Dan",H8TX02166,NaN,NaN,10%,HOUSE,NaN,NaN
Ted,Poe,"Poe, Ted",H4TX02108,15%,HOUSE,NaN,NaN,13%,HOUSE
Sam,Johnson,"Johnson, Sam",H2TX03118,4%,HOUSE,NaN,NaN,3%,HOUSE
John,Ratcliffe,"Ratcliffe, John",H4TX04153,6%,HOUSE,7%,HOUSE,3%,HOUSE
Jeb,Hensarling,"Hensarling, Jeb",H2TX05121,4%,HOUSE,NaN,NaN,6%,HOUSE
Joe,Barton,"Barton, Joe",H4TX06117,11%,HOUSE,NaN,NaN,6%,HOUSE
Van,Taylor,"Taylor, Van",H8TX03123,NaN,NaN,7%,HOUSE,NaN,NaN
Lance,Gooden,"Gooden, Lance",H8TX05144,NaN,NaN,7%,HOUSE,NaN,NaN
Ron,Wright,"Wright, Ron",H8TX06233,NaN,NaN,7%,HOUSE,NaN,NaN
John,Culberson,"Culberson, John",H0TX07055,4%,HOUSE,NaN,NaN,9%,HOUSE
Lizzie,Pannill Fletcher,"Pannill Fletcher, Lizzie",H8TX07140,NaN,NaN,79%,HOUSE,NaN,NaN
Kevin,Brady,"Brady, Kevin",H6TX08100,4%,HOUSE,7%,HOUSE,9%,HOUSE
Al,Green,"Green, Al",H4TX09095,86%,HOUSE,97%,HOUSE,100%,HOUSE
Michael,McCaul,"McCaul, Michael",H4TX10093,4%,HOUSE,21%,HOUSE,13%,HOUSE
Mike,Conaway,"Conaway, Mike",H4TX19136,3%,HOUSE,7%,HOUSE,9%,HOUSE
Kay,Granger,"Granger, Kay",H6TX12060,4%,HOUSE,10%,HOUSE,9%,HOUSE
Mac,Thornberry,"Thornberry, Mac",H4TX13014,4%,HOUSE,3%,HOUSE,9%,HOUSE
Randy,Weber,"Weber, Randy",H2TX14149,14%,HOUSE,3%,HOUSE,6%,HOUSE
Vicente,Gonzalez,"Gonzalez, Vicente",H6TX15162,82%,HOUSE,86%,HOUSE,84%,HOUSE
Beto,O'Rourke,"O'Rourke, Beto",H2TX16185,82%,HOUSE,NaN,NaN,94%,HOUSE
Veronica,Escobar,"Escobar, Veronica",H8TX16109,NaN,NaN,97%,HOUSE,NaN,NaN
Bill,Flores,"Flores, Bill",H0TX17104,4%,HOUSE,7%,HOUSE,9%,HOUSE
Sheila,Jackson Lee,"Jackson Lee, Sheila",H4TX18054,88%,HOUSE,93%,HOUSE,100%,HOUSE
Jodey,Arrington,"Arrington, Jodey",H6TX19099,4%,HOUSE,7%,HOUSE,9%,HOUSE
Joaquin,Castro,"Castro, Joaquin",H2TX35011,86%,HOUSE,93%,HOUSE,100%,HOUSE
Lamar,Smith,"Smith, Lamar",H6TX21012,3%,HOUSE,NaN,NaN,9%,HOUSE
Chip,Roy,"Roy, Chip",H8TX21307,NaN,NaN,0%,HOUSE,NaN,NaN
Pete,Olson,"Olson, Pete",H8TX22107,4%,HOUSE,7%,HOUSE,9%,HOUSE
Will,Hurd,"Hurd, Will",H0TX23086,7%,HOUSE,NaN,NaN,22%,HOUSE
Kenny,Marchant,"Marchant, Kenny",H4TX24094,4%,HOUSE,3%,HOUSE,6%,HOUSE
Roger,Williams,"Williams, Roger",H2TX33040,14%,HOUSE,0%,HOUSE,9%,HOUSE
Michael C,Burgess,"Burgess, Michael C",H2TX26093,11%,HOUSE,10%,HOUSE,9%,HOUSE
Michael,Cloud,"Cloud, Michael",H8TX27049,NaN,NaN,0%,HOUSE,NaN,NaN
Henry,Cuellar,"Cuellar, Henry",H2TX23082,43%,HOUSE,79%,HOUSE,59%,HOUSE
Sylvia,Garcia,"Garcia, Sylvia",H8TX29052,Nan,NaN,90%,HOUSE,NaN,NaN
Eddie Bernice,Johnson,"Johnson, Eddie Bernice",H2TX00015,89%,HOUSE,97%,HOUSE,97%,HOUSE
John,Carter,"Carter, John",H2TX31044,4%,HOUSE,3%,HOUSE,6%,HOUSE
Pete,Sessions,"Sessions, Pete",H2TX03126,4%,HOUSE,NaN,NaN,9%,HOUSE
Colin,Allred,"Allred, Colin",H8TX32098,NaN,NaN,93%,HOUSE,NaN,NaN
Marc,Veasey,"Veasey, Marc",H2TX33073,86%,HOUSE,97%,HOUSE,97%,HOUSE
Filemon,Vela Jr,"Vela Jr, Filemon",H2TX27190,82%,HOUSE,86%,HOUSE,81%,HOUSE
Lloyd,Doggett,"Doggett, Lloyd",H4TX10028,89%,HOUSE,97%,HOUSE,97%,HOUSE
Brian,Babin,"Babin, Brian",H6TX02079,12%,HOUSE,7%,HOUSE,3%,HOUSE
Rob,Bishop,"Bishop, Rob",H2UT01094,11%,HOUSE,3%,HOUSE,9%,HOUSE
Chris,Stewart,"Stewart, Chris",H2UT02324,7%,HOUSE,3%,HOUSE,6%,HOUSE
John,Curtis,"Curtis, John",H8UT03238,25%,HOUSE,3%,HOUSE,NaN,HOUSE
Mia,Love,"Love, Mia",H2UT04023,7%,HOUSE,NaN,NaN,13%,HOUSE
Ben,McAdams,"McAdams, Ben",H8UT04053,NaN,NaN,86%,HOUSE,NaN,NaN
Peter,Welch,"Welch, Peter",H6VT00160,86%,HOUSE,97%,HOUSE,97%,HOUSE
Rob,Wittman,"Wittman, Rob",H8VA01147,11%,HOUSE,3%,HOUSE,9%,HOUSE
Bob,Goodlatte,"Goodlatte, Bob",H2VA06115,3%,HOUSE,NaN,NaN,9%,HOUSE
Dave,Brat,"Brat, Dave",H4VA07143,21%,HOUSE,NaN,NaN,9%,HOUSE
Elaine,Luria,"Luria, Elaine",H8VA02111,NaN,NaN,97%,HOUSE,NaN,NaN
Bobby,Scott,"Scott, Bobby",H6VA01117,93%,HOUSE,97%,HOUSE,100%,HOUSE
Donald,McEachin,"McEachin, Donald",H6VA04061,77%,HOUSE,100%,HOUSE,94%,HOUSE
Denver,Riggleman,"Riggleman, Denver",H8VA05171,NaN,NaN,17%,HOUSE,NaN,NaN
Ben,Cline,"Cline, Ben",H8VA06104,NaN,NaN,0%,HOUSE,NaN,NaN
Abigail,Spanberger,"Spanberger, Abigail",H8VA07094,NaN,NaN,97%,HOUSE,NaN,NaN
Don,Beyer,"Beyer, Don",H4VA08224,93%,HOUSE,97%,HOUSE,97%,HOUSE
Morgan,Griffith,"Griffith, Morgan",H0VA09055,21%,HOUSE,7%,HOUSE,13%,HOUSE
Barbara,Comstock,"Comstock, Barbara",H4VA10089,19%,HOUSE,NaN,NaN,19%,HOUSE
Jennifer,Wexton,"Wexton, Jennifer",H8VA10106,NaN,NaN,97%,HOUSE,NaN,NaN
Gerry,Connolly,"Connolly, Gerry",H8VA11062,86%,HOUSE,97%,HOUSE,100%,HOUSE
Suzan,DelBene,"DelBene, Suzan",H0WA08046,86%,HOUSE,97%,HOUSE,97%,HOUSE
Rick,Larsen,"Larsen, Rick",H0WA02080,86%,HOUSE,93%,HOUSE,97%,HOUSE
Jaime,Herrera Beutler,"Herrera Beutler, Jaime",H0WA03187,18%,HOUSE,24%,HOUSE,16%,HOUSE
Dan,Newhouse,"Newhouse, Dan",H4WA04104,12%,HOUSE,14%,HOUSE,19%,HOUSE
Cathy,McMorris Rodgers,"McMorris Rodgers, Cathy",H4WA05077,11%,HOUSE,10%,HOUSE,19%,HOUSE
Derek,Kilmer,"Kilmer, Derek",H2WA06129,79%,HOUSE,97%,HOUSE,94%,HOUSE
Pramila,Jayapal,"Jayapal, Pramila",H6WA07458,97%,HOUSE,100%,HOUSE,100%,HOUSE
Dave,Reichert,"Reichert, Dave",H4WA08071,26%,HOUSE,NaN,NaN,28%,HOUSE
Kim,Schrier,"Schrier, Kim",H8WA08189,NaN,NaN,97%,HOUSE,NaN,NaN
Adam,Smith,"Smith, Adam",H6WA09025,96%,HOUSE,97%,HOUSE,97%,HOUSE
Denny,Heck,"Heck, Denny",H0WA03161,79%,HOUSE,93%,HOUSE,97%,HOUSE
David,McKinley,"McKinley, David",H0WV01072,4%,HOUSE,7%,HOUSE,25%,HOUSE
Alex,Mooney,"Mooney, Alex",H4WV02080,18%,HOUSE,10%,HOUSE,6%,HOUSE
Evan,Jenkins,"Jenkins, Evan",H4WV03070,4%,HOUSE,NaN,NaN,NaN,HOUSE
Carol,Miller,"Miller, Carol",H8WV03097,NaN,NaN,7%,HOUSE,NaN,NaN
Paul,Ryan,"Ryan, Paul",H8WI01024,0%,HOUSE,NaN,NaN,NaN,HOUSE
Bryan,Steil,"Steil, Bryan",H8WI01156,NaN,NaN,21%,HOUSE,NaN,NaN
Mark,Pocan,"Pocan, Mark",H2WI02124,93%,HOUSE,100%,HOUSE,94%,HOUSE
Ron,Kind,"Kind, Ron",H6WI03099,81%,HOUSE,97%,HOUSE,64%,HOUSE
Gwen,Moore,"Moore, Gwen",H4WI04183,93%,HOUSE,97%,HOUSE,94%,HOUSE
Jim,Sensenbrenner,"Sensenbrenner, Jim",H8WI09050,17%,HOUSE,0%,HOUSE,6%,HOUSE
Glenn,Grothman,"Grothman, Glenn",H4WI06048,11%,HOUSE,10%,HOUSE,9%,HOUSE
Sean,Duffy,"Duffy, Sean",H0WI07051,7%,HOUSE,5%,HOUSE,13%,HOUSE
Mike,Gallagher,"Gallagher, Mike",H6WI08155,4%,HOUSE,14%,HOUSE,6%,HOUSE
Liz,Cheney,"Cheney, Liz",H6WY00159,4%,HOUSE,3%,HOUSE,9%,HOUSE
DAN,SULLIVAN,"SULLIVAN, DAN",S4AK00214,21%,SENATE,14%,SENATE,9%,SENATE
LISA,MURKOWSKI,"MURKOWSKI, LISA",S4AK00099,52%,SENATE,36%,SENATE,16%,SENATE
RICHARD,SHELBY,"SHELBY, RICHARD",S6AL00013,5%,SENATE,29%,SENATE,6%,SENATE
DOUG,JONES,"JONES, DOUG",S0AL00156,21%,SENATE,86%,SENATE,NaN,SENATE
JOHN,BOOZMAN,"BOOZMAN, JOHN",S0AR00150,5%,SENATE,21%,SENATE,13%,SENATE
TOM,COTTON,"COTTON, TOM",H2AR04083,14%,SENATE,14%,SENATE,6%,SENATE
MARTHA,MCSALLY,"McSally, Martha",S8AZ00221,NaN,NaN,14%,SENATE,NaN,NaN
Krysten,Sinema,"Sinema, Krysten",S8AZ00197,NaN,NaN,71%,SENATE,NaN,NaN
JEFF,FLAKE,"FLAKE, JEFF",H0AZ01184,24%,SENATE,NaN,NaN,9%,SENATE
JOHN,MCCAIN,"MCCAIN, JOHN",S6AZ00019,22%,SENATE,NaN,NaN,NaN,SENATE
DIANNE,FEINSTEIN,"FEINSTEIN, DIANNE",S0CA00199,73%,SENATE,100%,SENATE,94%,SENATE
KAMALA,HARRIS,"HARRIS, KAMALA",P00009423,86%,SENATE,71%,SENATE,10%,SENATE
CORY,GARDNER,"GARDNER, CORY",H0CO04122,29%,SENATE,36%,SENATE,16%,SENATE
MICHAEL,BENNET,"BENNET, MICHAEL",P00011833,71%,SENATE,86%,SENATE,100%,SENATE
CHRIS,MURPHY,"MURPHY, CHRIS",S2CT00132,71%,SENATE,100%,SENATE,100%,SENATE
RICHARD,BLUMENTHAL,"BLUMENTHAL, RICHARD",S0CT00177,73%,SENATE,100%,SENATE,100%,SENATE
CHRISTOPHER,COONS,"COONS, CHRISTOPHER",S0DE00092,77%,SENATE,100%,SENATE,97%,SENATE
TOM,CARPER,"CARPER, TOM",S8DE00079,62%,SENATE,100%,SENATE,97%,SENATE
MARCO,RUBIO,"RUBIO, MARCO",P60006723,5%,SENATE,7%,SENATE,6%,SENATE
BILL,NELSON,"NELSON, BILL",S8FL00166,60%,SENATE,7%,SENATE,88%,SENATE
Rick,Scott,"Scott, Rich",S8FL00273,NaN,NaN,7%,SENATE,NaN,NaN
DAVID,PERDUE,"PERDUE, DAVID",S4GA11285,14%,SENATE,14%,SENATE,9%,SENATE
JOHNNY,ISAKSON,"ISAKSON, JOHNNY",S6GA00119,6%,SENATE,29%,SENATE,13%,SENATE
BRIAN,SCHATZ,"SCHATZ, BRIAN",S4HI00136,75%,SENATE,100%,SENATE,100%,SENATE
MAZIE,HIRONO,"HIRONO, MAZIE",S2HI00106,77%,SENATE,100%,SENATE,100%,SENATE
CHUCK,GRASSLEY,"GRASSLEY, CHUCK",S0IA00028,18%,SENATE,7%,SENATE,9%,SENATE
JONI,ERNST,"ERNST, JONI",S4IA00129,10%,SENATE,14%,SENATE,13%,SENATE
JAMES,RISCH,"RISCH, JAMES",S8ID00092,14%,SENATE,7%,SENATE,6%,SENATE
MIKE,CRAPO,"CRAPO, MIKE",S8ID00027,18%,SENATE,7%,SENATE,9%,SENATE
TAMMY,DUCKWORTH,"DUCKWORTH, TAMMY",S6IL00292,62%,SENATE,100%,SENATE,94%,SENATE
DICK,DURBIN,"DURBIN, DICK",S6IL00151,82%,SENATE,100%,SENATE,100%,SENATE
TODD,YOUNG,"YOUNG, TODD",H0IN09070,5%,SENATE,29%,SENATE,13%,SENATE
JOE,DONNELLY,"DONNELLY, JOE",S2IN00091,52%,SENATE,7%,SENATE,91%,SENATE
JERRY,MORAN,"MORAN, JERRY",S0KS00091,19%,SENATE,14%,SENATE,16%,SENATE
PAT,ROBERTS,"ROBERTS, PAT",S6KS00080,5%,SENATE,29%,SENATE,13%,SENATE
MITCH,MCCONNELL,"MCCONNELL, MITCH",S2KY00012,5%,SENATE,14%,SENATE,13%,SENATE
RAND,PAUL,"PAUL, RAND",P40003576,45%,SENATE,0%,SENATE,9%,SENATE
BILL,CASSIDY,"CASSIDY, BILL",S4LA00107,14%,SENATE,7%,SENATE,13%,SENATE
JOHN,KENNEDY,"KENNEDY, JOHN",S4LA00065,27%,SENATE,7%,SENATE,9%,SENATE
EDWARD,MARKEY,"MARKEY, EDWARD",S4MA00028,81%,SENATE,100%,SENATE,100%,SENATE
ELIZABETH,WARREN,"WARREN, ELIZABETH",P00009621,86%,SENATE,79%,SENATE,100%,SENATE
BEN,CARDIN,"CARDIN, BEN",S6MD03177,71%,SENATE,100%,SENATE,100%,SENATE
CHRIS,VAN HOLLEN,"VAN HOLLEN, CHRIS",H2MD08126,76%,SENATE,100%,SENATE,100%,SENATE
ANGUS,KING,"KING, ANGUS",S2ME00109,67%,SENATE,93%,SENATE,97%,SENATE
SUSAN,COLLINS,"COLLINS, SUSAN",S6ME00159,43%,SENATE,64%,SENATE,28%,SENATE
DEBBIE,STABENOW,"STABENOW, DEBBIE",S8MI00281,62%,SENATE,100%,SENATE,97%,SENATE
GARY,PETERS,"PETERS, GARY",H8MI09068,62%,SENATE,100%,SENATE,97%,SENATE
AMY,KLOBUCHAR,"KLOBUCHAR, AMY",P80006117,64%,SENATE,79%,SENATE,100%,SENATE
TINA,SMITH,"SMITH, TINA",S8MN00578,67%,SENATE,100%,SENATE,NaN,SENATE
ROY,BLUNT,"BLUNT, ROY",S0MO00183,5%,SENATE,21%,SENATE,13%,SENATE
JOSHUA,HAWLEY,"Hawley, Joshua",S8MO00160,NaN,NaN,7%,SENATE,NaN,NaN
CLAIRE,MCCASKILL,"MCCASKILL, CLAIRE",S6MO00305,67%,SENATE,NaN,NaN,94%,SENATE
CINDY,HYDE-SMITH,"HYDE-SMITH, CINDY",S8MS00261,0%,SENATE,29%,SENATE,NaN,SENATE
ROGER,WICKER,"WICKER, ROGER",S8MS00196,10%,SENATE,7%,SENATE,13%,SENATE
STEVE,DAINES,"DAINES, STEVE",H2MT01060,33%,SENATE,29%,SENATE,13%,SENATE
JON,TESTER,"TESTER, JON",S6MT00162,81%,SENATE,100%,SENATE,97%,SENATE
RICHARD,BURR,"BURR, RICHARD",S4NC00089,6%,SENATE,29%,SENATE,16%,SENATE
THOM,TILLIS,"TILLIS, THOM",S4NC00162,14%,SENATE,21%,SENATE,13%,SENATE
JOHN,HOEVEN,"HOEVEN, JOHN",S0ND00093,5%,SENATE,14%,SENATE,13%,SENATE
HEIDI,HEITKAMP,"HEITKAMP, HEIDI",S2ND00099,62%,SENATE,NaN,NaN,81%,SENATE
BENJAMIN,SASSE,"SASSE, BENJAMIN",S4NE00090,18%,SENATE,0%,SENATE,6%,SENATE
DEB,FISCHER,"FISCHER, DEB",S2NE00094,14%,SENATE,7%,SENATE,13%,SENATE
JEANNE,SHAHEEN,"SHAHEEN, JEANNE",S0NH00219,62%,SENATE,100%,SENATE,94%,SENATE
MAGGIE,HASSAN,"HASSAN, MAGGIE",S6NH00091,62%,SENATE,100%,SENATE,97%,SENATE
CORY,BOOKER,"BOOKER, CORY",P00009795,86%,SENATE,50%,SENATE,100%,SENATE
ROBERT,MENENDEZ,"MENENDEZ, ROBERT",S6NJ00289,76%,SENATE,100%,SENATE,94%,SENATE
MARTIN,HEINRICH,"HEINRICH, MARTIN",H8NM01224,76%,SENATE,93%,SENATE,91%,SENATE
TOM,UDALL,"UDALL, TOM",S8NM00184,76%,SENATE,100%,SENATE,100%,SENATE
DEAN,HELLER,"HELLER, DEAN",H6NV02164,15%,SENATE,NaN,NaN,16%,SENATE
CATHERINE,CORTEZ MASTO,"CORTEZ MASTO, CATHERINE",S6NV00200,62%,SENATE,100%,SENATE,100%,SENATE
Jacky,Rosen,"Rosen, Jacky",S8NV00156,NaN,NaN,100%,SENATE,NaN,NaN
CHARLES,SCHUMER,"SCHUMER, CHARLES",S8NY00082,67%,SENATE,100%,SENATE,100%,SENATE
KIRSTEN,GILLIBRAND,"GILLIBRAND, KIRSTEN",P00009290,86%,SENATE,93%,SENATE,100%,SENATE
ROB,PORTMAN,"PORTMAN, ROB",S0OH00133,10%,SENATE,29%,SENATE,16%,SENATE
SHERROD,BROWN,"BROWN, SHERROD",S6OH00163,76%,SENATE,100%,SENATE,100%,SENATE
JAMES,INHOFE,"INHOFE, JAMES",S4OK00083,10%,SENATE,0%,SENATE,9%,SENATE
JAMES,LANKFORD,"LANKFORD, JAMES",H0OK05114,10%,SENATE,0%,SENATE,9%,SENATE
JEFF,MERKLEY,"MERKLEY, JEFF",S8OR00207,86%,SENATE,100%,SENATE,100%,SENATE
RON,WYDEN,"WYDEN, RON",S6OR00110,86%,SENATE,100%,SENATE,100%,SENATE
PAT,TOOMEY,"TOOMEY, PAT",S4PA00121,6%,SENATE,0%,SENATE,6%,SENATE
ROBERT,CASEY,"CASEY, ROBERT",S6PA00217,57%,SENATE,100%,SENATE,100%,SENATE
JACK,REED,"REED, JACK",S6RI00163,62%,SENATE,100%,SENATE,100%,SENATE
SHELDON,WHITEHOUSE,"WHITEHOUSE, SHELDON",S6RI00221,64%,SENATE,86%,SENATE,100%,SENATE
LINDSEY,GRAHAM,"GRAHAM, LINDSEY",S0SC00149,9%,SENATE,29%,SENATE,19%,SENATE
TIM,SCOTT,"SCOTT, TIM",S4SC00240,5%,SENATE,14%,SENATE,13%,SENATE
JOHN,THUNE,"THUNE, JOHN",S2SD00068,10%,SENATE,14%,SENATE,13%,SENATE
MIKE,ROUNDS,"ROUNDS, MIKE",S4SD00049,5%,SENATE,21%,SENATE,9%,SENATE
BOB,CORKER,"CORKER, BOB",S6TN00216,14%,SENATE,NaN,NaN,16%,SENATE
LAMAR,ALEXANDER,"ALEXANDER, LAMAR",S2TN00058,5%,SENATE,36%,SENATE,13%,SENATE
Marsha,Blackburn,"Blackburn, Marsha",S8TN00337,NaN,NaN,21%,SENATE,NaN,NaN
JOHN,CORNYN,"CORNYN, JOHN",S2TX00106,5%,SENATE,7%,SENATE,13%,SENATE
Ted,Cruz,"Cruz, Ted",P60006111,23%,SENATE,0%,SENATE,13%,SENATE
MIKE,LEE,"LEE, MIKE",S0UT00165,36%,SENATE,0%,SENATE,9%,SENATE
ORRIN,HATCH,"HATCH, ORRIN",S6UT00063,5%,SENATE,NaN,NaN,13%,SENATE
Mitt,Romney,"Romney, Mitt",P80003353,NaN,NaN,14%,SENATE,NaN,NaN
MARK,WARNER,"WARNER, MARK",S6VA00093,62%,SENATE,100%,SENATE,97%,SENATE
TIM,KAINE,"KAINE, TIM",S2VA00142,67%,SENATE,100%,SENATE,97%,SENATE
BERNIE,SANDERS,"SANDERS, BERNIE",P60007168,86%,SENATE,69%,SENATE,100%,SENATE
PATRICK,LEAHY,"LEAHY, PATRICK",S4VT00017,76%,SENATE,100%,SENATE,100%,SENATE
MARIA,CANTWELL,"CANTWELL, MARIA",S8WA00194,76%,SENATE,100%,SENATE,100%,SENATE
PATTY,MURRAY,"MURRAY, PATTY",S2WA00189,76%,SENATE,93%,SENATE,100%,SENATE
RON,JOHNSON,"JOHNSON, RON",S0WI00197,14%,SENATE,0%,SENATE,6%,SENATE
TAMMY,BALDWIN,"BALDWIN, TAMMY",H8WI00018,75%,SENATE,100%,SENATE,100%,SENATE
SHELLEY,MOORE CAPITO,"MOORE CAPITO, SHELLEY",S4WV00159,5%,SENATE,29%,SENATE,13%,SENATE
JOE,MANCHIN,"MANCHIN, JOE",S0WV00090,52%,SENATE,86%,SENATE,75%,SENATE
JOHN,BARRASSO,"BARRASSO, JOHN",S6WY00068,19%,SENATE,7%,SENATE,3%,SENATE
MIKE,ENZI,"ENZI, MIKE",S6WY00126,19%,SENATE,7%,SENATE,3%,SENATE